Individual,Animal Set,Strain Rate (1/s),Tube Foot Disc Tenacity (MPa)
Spurp2023-001,CA8,0.29721509456393597,0.0756712874087955
Spurp2023-001,CA8,0.7265257867118434,0.08509011455042424
Spurp2023-001,CA8,1.122812579463758,0.08177959318316971
Spurp2023-001,CA8,1.5521232716116655,0.0910627009237612
Spurp2023-001,CA8,2.0474817625515587,0.06191568269190143
Spurp2023-001,CA8,2.3777207565114877,0.09616301390007416
Spurp2023-001,CA8,2.740983649867409,0.04635758923415517
Spurp2023-002,CA8,1.7792307584257245,0.00482922721351267
Spurp2023-002,CA8,2.0510576798518767,0.07388615715941768
Spurp2023-003,CA8,0.2364959705904122,0.08852106509655523
Spurp2023-003,CA8,0.5781012614432297,0.09663083547980957
Spurp2023-003,CA8,0.8934292222304461,0.10202539346254848
Spurp2023-003,CA8,1.2350345130832636,0.05442859836145613
Spurp2023-003,CA8,1.6291944640672842,0.04221869290813293
Spurp2023-003,CA8,1.8919677647232975,0.03992372679449624
Spurp2023-003,CA8,2.1810183954449123,0.09405769423248496
Spurp2023-004,CA8,0.19729113787389754,0.28210472609976345
Spurp2023-004,CA8,0.4822672259139718,0.0623649664947011
Spurp2023-004,CA8,0.7453220764125019,0.18821631973386657
Spurp2023-004,CA8,1.030298164452576,0.01004314101328796
Spurp2023-004,CA8,1.3591167275757388,0.17297181362420835
Spurp2023-004,CA8,1.5783291029911803,0.02548476891649438
Spurp2023-004,CA8,1.8194627159481664,0.40829555915865967
Spurp2023-005,CA8,0.19801702653069603,0.2633569380838076
Spurp2023-005,CA8,0.4840416204083681,0.25084278377336655
Spurp2023-005,CA8,0.7480643224492962,0.14289337440883285
Spurp2023-005,CA8,1.0340889163269684,0.27689531608274875
Spurp2023-005,CA8,1.3641172938781283,0.11464838657195162
Spurp2023-005,CA8,1.5841362122455682,0.14814928698217747
Spurp2023-005,CA8,1.8261570224497523,0.1309606295499765
Spurp2023-006,CA8,0.23651332976759862,0.225174939865019
Spurp2023-006,CA8,0.5781436949874633,0.14673032630013264
Spurp2023-006,CA8,0.8934948013442614,0.1842506030995678
Spurp2023-006,CA8,1.235125166564126,0.1153132889869736
Spurp2023-006,CA8,1.629314049510124,0.2264067617026775
Spurp2023-006,CA8,1.892106638140789,0.1883174253487009
Spurp2023-006,CA8,2.1811784856345207,0.2901236558286155
Spurp2023-007,CA8,0.23826643694252272,0.10333940244114562
Spurp2023-007,CA8,0.5824290680817223,0.19302000285775128
Spurp2023-007,CA8,0.9001176506717525,0.15799561606598883
Spurp2023-007,CA8,1.2442802818109522,0.15924397567179796
Spurp2023-007,CA8,1.64139101004849,0.16886051622891057
Spurp2023-007,CA8,1.9061314955401818,0.18109358577324683
Spurp2023-007,CA8,2.197346029581043,0.22076816246115255
Spurp2023-011,CA8,0.26340990561730404,0.1480649331328187
Spurp2023-011,CA8,0.6438908803978544,0.10717903079292686
Spurp2023-011,CA8,0.9951040878875931,0.15428366502039512
Spurp2023-011,CA8,1.3755850626681436,0.18400657491446273
Spurp2023-011,CA8,1.8146015720303168,0.1695924855601175
Spurp2023-011,CA8,2.1072792449384328,0.2264547271402305
Spurp2023-011,CA8,2.42922468513736,0.15443513659255706
Spurp2023-012,CA8,0.24165472265824492,0.09865937684598489
Spurp2023-012,CA8,0.5907115442757097,0.08812734453323415
Spurp2023-012,CA8,0.9129178411533698,0.2403292686336652
Spurp2023-012,CA8,1.2619746627708346,0.18361454864671084
Spurp2023-012,CA8,1.6647325338679095,0.13443852627630629
Spurp2023-012,CA8,1.9332377812659598,0.13532023430178355
Spurp2023-012,CA8,2.2285935534038144,0.06467419851676359
Spurp2023-013,CA8,0.1955529288693011,0.14073671518279232
Spurp2023-013,CA8,0.47801827056940277,0.06975065699161308
Spurp2023-013,CA8,0.7387555090618043,0.08782349581897415
Spurp2023-013,CA8,1.0212208507619058,0.13431129531174638
Spurp2023-013,CA8,1.3471423988774078,0.16182702623327946
Spurp2023-013,CA8,1.564423430954409,0.1113303193970908
Spurp2023-013,CA8,1.8034325662391104,0.09631287534656678
Spurp2023-014,CA8,0.21036933843517935,0.07606964581060516
Spurp2023-014,CA8,0.5142361606193273,0.09808386172497396
Spurp2023-014,CA8,0.7947286118662331,0.07870399347714502
Spurp2023-014,CA8,1.0985954340503812,0.12647210303257383
Spurp2023-014,CA8,1.4492109981090135,0.10198718974910842
Spurp2023-014,CA8,1.6829547074814348,0.17890355905401498
Spurp2023-014,CA8,1.9400727877910986,0.0632057805316392
Spurp2023-015,CA8,0.25056714016122605,0.11076627770418118
Spurp2023-015,CA8,0.6124974537274414,0.10460840808766196
Spurp2023-015,CA8,0.9465869739424095,0.12733760535175062
Spurp2023-015,CA8,1.3085172875086248,0.05956672952803644
Spurp2023-015,CA8,1.726129187777335,0.13118161876121262
Spurp2023-015,CA8,2.0045371212898084,0.08993422067859813
Spurp2023-015,CA8,2.3107858481535293,0.13406352371901614
Spurp2023-017,CA8,0.20386859536425467,0.22751868987738577
Spurp2023-017,CA8,0.4983454553348448,0.187848902057768
Spurp2023-017,CA8,0.7701702491538509,0.20753666289801115
Spurp2023-017,CA8,1.0646471091244412,0.24736736384177663
Spurp2023-017,CA8,1.404428101398199,0.2499542470690049
Spurp2023-017,CA8,1.6309487629140371,0.20177438846873977
Spurp2023-017,CA8,1.88012149058146,0.28443748482091946
Spurp2023-018,CA8,0.22218244882089008,0.16189545993620946
Spurp2023-018,CA8,0.5431126526732869,0.08651625360450592
Spurp2023-018,CA8,0.839355917767807,0.3404357144400568
Spurp2023-018,CA8,1.1602861216202038,0.36998062094868056
Spurp2023-018,CA8,1.530590202988354,0.2843537563425739
Spurp2023-018,CA8,1.7774595905671207,0.3387511500580115
Spurp2023-018,CA8,2.0490159169037643,0.31606983610753775
Spurp2023-019,CA8,0.1992528528921296,0.27360696785989475
Spurp2023-019,CA8,0.48706252929187244,0.4273230719750937
Spurp2023-019,CA8,0.752732999814712,0.3655939429075821
Spurp2023-019,CA8,1.0405426762144547,0.23751509182700783
Spurp2023-019,CA8,1.3726307643680042,0.2849778685889807
Spurp2023-019,CA8,1.5940228231370375,0.4343981935239791
Spurp2023-019,CA8,1.837554087782973,0.36507199627934306
Spurp2023-020,CA8,0.2575120898624753,0.21283639039752072
Spurp2023-020,CA8,0.6294739974416064,0.2683877137438245
Spurp2023-020,CA8,0.9728234505915736,0.31919586226843205
Spurp2023-020,CA8,1.3447853581707048,0.4439150683120577
Spurp2023-020,CA8,1.7739721746081638,0.3483413898883802
Spurp2023-020,CA8,2.060096718899803,0.4336662671511047
Spurp2023-020,CA8,2.3748337176206067,0.20350783581726592
Spurp2023-021,CA8,0.24891070140018556,0.2226650280771264
Spurp2023-021,CA8,0.6084483812004535,0.2429568160471599
Spurp2023-021,CA8,0.940329316400701,0.3009098061330455
Spurp2023-021,CA8,1.299866996200969,0.18064598302929416
Spurp2023-021,CA8,1.7147181652012784,0.26862863889836264
Spurp2023-021,CA8,1.9912856112014845,0.36699215631596865
Spurp2023-021,CA8,2.2955098018017113,0.2850459766829086
Spurp2023-022,CA8,0.27220562776061874,0.13612467340436868
Spurp2023-022,CA8,0.665391534525957,0.29656682779714405
Spurp2023-022,CA8,1.0283323715401154,0.09727142756221192
Spurp2023-022,CA8,1.4215182783054536,0.03539543619641092
Spurp2023-022,CA8,1.8751943245731517,0.20381203106172052
Spurp2023-022,CA8,2.1776450220849504,0.2015417343621941
Spurp2023-022,CA8,2.510340789347929,0.2042543394150366
Spurp2023-023,CA8,0.1974048572561822,0.3436845372759181
Spurp2023-023,CA8,0.4825452066262231,0.393031693160778
Spurp2023-023,CA8,0.7457516829677994,0.3867642972606415
Spurp2023-023,CA8,1.0308920323378403,0.3959483826177176
Spurp2023-023,CA8,1.3599001277648106,0.3780456539854694
Spurp2023-023,CA8,1.5792388580494576,0.29071212121520584
Spurp2023-024,CA8,0.15190386173372944,0.16782251973387655
Spurp2023-024,CA8,0.37132055090467186,0.3347645244279853
Spurp2023-024,CA8,0.5738590332163112,0.19119331131877393
Spurp2023-024,CA8,0.7932757223872536,0.13041139257874465
Spurp2023-024,CA8,1.0464488252768027,0.37905294479192314
Spurp2023-024,CA8,1.2152308938698353,0.26633487738642275
Spurp2023-024,CA8,1.4008911693221713,0.3383610989662162
Spurp2023-025,CA8,0.17928808288049813,0.2603545668539719
Spurp2023-025,CA8,0.43825975815232876,0.12123135204371462
Spurp2023-025,CA8,0.6773105353263263,0.200922551797752
Spurp2023-025,CA8,0.936282210598157,0.1674463328890489
Spurp2023-025,CA8,1.2350956820656538,0.201389183302474
Spurp2023-025,CA8,1.434304663043985,0.19785490733806232
Spurp2023-025,CA8,1.6534345421201495,0.21292992462635427
Spurp2023-026,CA8,0.20799670286708047,0.150987073848354
Spurp2023-026,CA8,0.5084363847861968,0.17351226254886626
Spurp2023-026,CA8,0.7857653219423042,0.21391438758529296
Spurp2023-026,CA8,1.0862050038614204,0.18667488039151428
Spurp2023-026,CA8,1.4328661753065544,0.16733830592989396
Spurp2023-026,CA8,1.6639736229366437,0.18350885896120225
Spurp2023-026,CA8,1.9181918153297424,0.12562125565219456
Spurp2023-043,CA44,2.45601368265936,0.2045415711027299
Spurp2023-043,CA44,0.2663147366739065,0.14772189846090222
Spurp2023-043,CA44,1.3907547359637338,0.14653601197173882
Spurp2023-047,CA44,3.0208301625094136,0.1964236215040573
Spurp2023-047,CA44,0.3275598971395749,0.09205398515609364
Spurp2023-047,CA44,1.7105905739511136,0.3175117585214292
Spurp2023-048,CA44,2.2210556972085613,0.1707460698266582
Spurp2023-048,CA44,0.24083736475755488,0.20129101332769825
Spurp2023-048,CA44,1.2577062381783422,0.20286556821122864
Spurp2023-049,CA44,2.214591221146945,0.19595805562321575
Spurp2023-049,CA44,0.24013639747376514,0.2596584516334164
Spurp2023-049,CA44,1.2540456312518846,0.18788190551894957
Spurp2023-050,CA44,3.835442570023783,0.23269047951837915
Spurp2023-050,CA44,0.4158913630146271,0.18276142395318948
Spurp2023-050,CA44,2.171877117965275,0.2370817817963065
Spurp2023-051,CA44,2.3788983121286553,0.2665799291832185
Spurp2023-051,CA44,0.25795282902599875,0.2647795714962088
Spurp2023-051,CA44,1.3470869960246603,0.26672551609754735
Spurp2023-052,CA44,1.8928093561587207,0.31851171612824447
Spurp2023-052,CA44,0.2052443880172107,0.35359732522739734
Spurp2023-052,CA44,1.071831804089878,0.325329767045365
Spurp2023-053,CA44,2.314004242155247,0.31071153786055766
Spurp2023-053,CA44,0.25091612264334,0.21402303604071876
Spurp2023-053,CA44,1.310339751581887,0.29361859923691724
Spurp2023-054,CA44,2.881346164928255,0.5441071173904267
Spurp2023-054,CA44,0.31243512631752157,0.1876627445303018
Spurp2023-054,CA44,1.631605659658168,0.422853162412441
Spurp2023-055,CA44,2.599817323679136,0.2245048642649119
Spurp2023-055,CA44,0.2819079025676172,0.11433219006599434
Spurp2023-055,CA44,1.4721857134086676,0.2496325509484539
Spurp2023-056,CA44,1.8226952348158503,0.27552426540409364
Spurp2023-056,CA44,0.1976416519679838,0.4650458151864952
Spurp2023-056,CA44,1.0321286269439156,0.2771106459421151
Spurp2024-200,WA2,1.2810223484380787,0.25801919700028847
Spurp2024-200,WA2,0.13890603778244226,0.1697156088837612
Spurp2024-200,WA2,0.7253981973083097,0.10788305739832708
Spurp2024-204,WA2,1.3881827182959137,0.25146606224627877
Spurp2024-204,WA2,0.1505258369236533,0.0923770573540127
Spurp2024-204,WA2,0.7860793706013006,0.24826189757468511
Spurp2024-207,WA2,2.842913609678237,0.2282317673149096
Spurp2024-207,WA2,0.3082677408084835,0.13704621062208577
Spurp2024-207,WA2,1.609842646444303,0.24164153190037532
Spurp2024-212,WA2,3.5029374029306504,0.19674126487498328
Spurp2024-212,WA2,0.37983658585995006,0.21017266746891297
Spurp2024-212,WA2,1.9835910594908504,0.2933073525872443
Spurp2024-218,WA2,2.7830402199607693,0.2921483876724655
Spurp2024-218,WA2,0.30177544553791474,0.1564663525794841
Spurp2024-218,WA2,1.5759384378091104,0.23853793656268743
Spurp2024-223,WA2,3.217977249288555,0.2358531850533808
Spurp2024-223,WA2,0.3489372920915301,0.15934527785381877
Spurp2024-223,WA2,1.8222280809224352,0.2158943211059403
Spurp2024-224,WA2,3.72983417966117,0.347494442394613
Spurp2024-224,WA2,0.4044398508066328,0.1325612000737939
Spurp2024-224,WA2,2.112074776434638,0.34213992067152477
Spurp2024-225,WA2,4.328733402175841,0.20994915520181923
Spurp2024-225,WA2,0.4693807303564165,0.1451675758953951
Spurp2024-225,WA2,2.451210480750175,0.23358657873791927
Spurp2024-226,WA2,3.668021919745448,0.37261338011831574
Spurp2024-226,WA2,0.397737316598904,0.17070291149518618
Spurp2024-226,WA2,2.0770726533498323,0.22793373042570467
Spurp2024-227,WA2,2.950691457214974,0.554868889384976
Spurp2024-227,WA2,0.3199544953606598,0.334590265654649
Spurp2024-227,WA2,1.6708734757723345,0.33308179595937043
Spurp2024-228,WA2,3.098356004837915,0.2656074571078431
Spurp2024-228,WA2,0.3359663137776052,0.15962323284313723
Spurp2024-228,WA2,1.754490749727494,0.2113315171568627
Spurp2024-229,WA2,3.781769138941286,0.1560955300374713
Spurp2024-229,WA2,0.4100713524153202,0.45975521576211775
Spurp2024-229,WA2,2.1414837292800057,0.23919982110479873
